DateTime,Text
2022-11-29 15:43:15,"Yes, sangat pro LGBT

Thanks untuk tambahan infonya.

Klo ada, mungkin bisa juga minta info komunitas Bi Indonesia yang open sama polyamore, it would be so fantastic. Still do not find my niche here."
2022-11-29 15:30:28,"Setuju, gw sebagai LGBT juga milih buat nanganin masalah ini dari dalam bukan dari luar, toh juga ada tradisi yang ngelibatin transpuan di daerah timur, juga semoga ga kejadian kayak Amerika dulu."
2022-11-29 10:27:47,"Yea, Im against prosecution of LGBT, but with this kind of movement, it has to grow organically from the inside. If outsiders help then it would be seen as foreign influence."
2022-11-29 09:22:06,"Nah iya, biarin LGBT indo do their own thing, kalo bule kan suka ngepush agenda &amp; ideologi mereka secara paksa"
2022-11-29 07:55:03,"Jangan biarin bule luar ngurusin masalah LGBT di Indonesia. (kasus yang di deportasi tuh)

Terakhir kali mereka berusaha membuat LGBT Awareness di Indonesia, komunitas LGBT jadi turun lagi."
2022-11-29 07:10:12,"Sebagai LGBT, aku lihat masa depan Indonesia berpotensi bagus.

Terus kerja keras dan kerja cerdas generasi muda."
2022-11-29 06:32:40,"I have a good and bad experience with my first name in Turkey, it's Muhammad.

I'm studying here, and If u know Turkey well, half of the population have a hate relationship with Islam (tho they dont explicitly show it), and the other half love islam. If u live in the liberal part of the city, some people really resent islam, they kinda look at me weird when they know my first name, thinking that I must be a hardline muslim, dan bahkan lebih kaget lagi kl kita ketemunya di club when I'm super drunk and introduce myself as Muhammad LOL, dan mereka tbtb become friendlier. It makes me really uncomfortable, so much so that I changed my name (my nick name at least) into smth very different.

But one or two times, biasanya orang tua, when they know my name mereka jd baik bgt, saying that I'm a muslim brother.

Funny story, sometimes gue suka pake pride socks kan, rainbow lgbt gtu. Most of the times pas gua kenalin nama gua, mereka kyk jd awkward gtu thinking I'm a hardline muslim tp tbtb jadi friendly pas notice ankle gw wkwk. And some other times, mereka friendly (thinking that I'm a Muslim brother) tp tbtb they look at me weird when they notice the socks wkwk"
2022-11-29 06:30:52,"Lah bukannya kebalik, itu maksudnya bukan larangannya mau dicabut? Berarti pro LGBT"
2022-11-29 05:53:23,"Kayaknya kau melebih-lebihkan jumlah orang LGBT di dunia ini deh. Bahkan setelah pernikahan gay dilegalkan, orang yang mengaku [gay kira-kira cuman 3 persen](https://imgur.com/a/ONumBOp). Dan itu bukan intrusi, cuman bilang ada pilihan lain, yah keputusan akhir berada di anak-anaknya. Dan jika itu emang cuci otak, apakah cara kau besarin anak cuci otak ato nggak?"
2022-11-29 05:45:30,"pskiatris yang dapet duit buat proposi studi ginian dan jadiin trans sebagai agenda utama budaya mereka sure

pada akhirnya secara sadar di barat digunakan penyakit mental yang harus nya di push buat disembuhkan malah didorong untuk di normalkan, termasuk intrusi terhdap kehidupan sehari2, termasuk memaksakan agenda trans ke sekolah dasar dan SMP di amerika. Ga dikit lu lihat buktinya udah ada disana dimana anak2 sekolah di ekspos ke budaya trans dan LGBT buat cuci otak

its degenerate culture being pushed to normal population

bullshit kalo lu bilang ""ga ada pengaruh"""
2022-11-29 03:58:22,"https://williamsinstitute.law.ucla.edu/press/ncvs-trans-press-release/ 
 
 https://www.ncbi.nlm.nih.gov/pmc/articles/PMC4986045/  
 
 (tingkat kekerasan terhadap orang transgender)   
Masalahnya kebanyakan orang yang anti trans ini takut ada agenda trans untuk mengubah jenis kelamin banyak orang. Ini yang gw agak heran karena orang transgender itu minoritas dalam minoritas (kurang dari 10% anggota LGBT) dan orang menganggap bahwa transgender punya lebih banyak pengaruh daripada yang sebenarnya.   
  
Ini aja pendapatku misalkan kalo hak untuk orang transgender diperbesar aku yakin nggak banyak yang berubah dari dunia, nggak akan ada konversi kelamin massal, cuman beberapa orang lebih nyaman dan aman aja. Dan kalo kita bisa membantu manusia lain untuk setidaknya merasa aman, kenapa tidak?"
2022-11-29 03:51:04,"Meskipun dah beda tapi sama aja sih 

NAZI = 4 
AZOV = 4
LGBT = 4 

So it's just a same thing"
2022-11-29 02:49:08,"Look at OP, he's a European cracker who thinks he knows weverything and feels superior to everyone else.

Hey [u/FlyingSquirrel1919](https://www.reddit.com/user/FlyingSquirrel1919/), why don't you stay in your European subs where you can circlejerk with your kind and promote degeneracy such as LGBT like you always do? We don't accept your kind here, we didn't fought and killed your kind in the '40s for nothing."
